R,pitch,y1,y2,y3,z1,z2,z3
1.0,4.0,1.92369998666751,2.6432419260153766,2.259841939202988,3.1206195618511297,2.6830334003951224,2.7842762753349986
