R,pitch,y1,y2,y3,z1,z2,z3,
,1,4,1.494892595,2.418155315,1.847183486,2.246045068,4.171926186,3.071565341
